{"info":{"year":"2023","version":"1","description":"Exported from roboflow.ai","contributor":"","url":"https://public.roboflow.ai/object-detection/undefined","date_created":"2023-01-30T08:17:34+00:00"},"licenses":[{"id":1,"url":"https://creativecommons.org/licenses/by/4.0/","name":"CC BY 4.0"}],"categories":[{"id":0,"name":"lights","supercategory":"none"},{"id":1,"name":"Commercial_building-show_window-ground_level-low_rise","supercategory":"lights"},{"id":2,"name":"commercial_building-door-ground_level-low_rise","supercategory":"lights"},{"id":3,"name":"commercial_building-mirrow_wall-upper_level-low_rise","supercategory":"lights"},{"id":4,"name":"office_building-casement_window-upper_level-low_rise","supercategory":"lights"},{"id":5,"name":"office_building-french_window-ground_level-low_rise","supercategory":"lights"},{"id":6,"name":"office_building-sliding_window-upper_level-low_rise","supercategory":"lights"},{"id":7,"name":"residential_building-casement_window-upper_level-low_rise","supercategory":"lights"},{"id":8,"name":"residential_building-french_window-upper_level-low_rise","supercategory":"lights"},{"id":9,"name":"residential_building-sliding_window-upper_level-low_rise","supercategory":"lights"},{"id":10,"name":"street_lamp","supercategory":"lights"}],"images":[{"id":0,"license":1,"file_name":"2-2-270_jpg.rf.2c5b69f3d6b27cbebc70fb55f279f8e0.jpg","height":640,"width":640,"date_captured":"2023-01-30T08:17:34+00:00"},{"id":1,"license":1,"file_name":"1-1-90_jpg.rf.c16872d2fab3386bacadf222b223430d.jpg","height":640,"width":640,"date_captured":"2023-01-30T08:17:34+00:00"},{"id":2,"license":1,"file_name":"2-2-90_jpg.rf.6f580be0281e844db8aedb9bc105c63c.jpg","height":640,"width":640,"date_captured":"2023-01-30T08:17:34+00:00"},{"id":3,"license":1,"file_name":"0-0-270_jpg.rf.4afb2a47f4168e10a198a917217b8415.jpg","height":640,"width":640,"date_captured":"2023-01-30T08:17:34+00:00"},{"id":4,"license":1,"file_name":"0-0-180_jpg.rf.d178f338d28c874b7e75987446ff5daa.jpg","height":640,"width":640,"date_captured":"2023-01-30T08:17:34+00:00"},{"id":5,"license":1,"file_name":"1-1-0_jpg.rf.c60a435bedfd4e758d0b81264df6ee42.jpg","height":640,"width":640,"date_captured":"2023-01-30T08:17:34+00:00"},{"id":6,"license":1,"file_name":"6-6-90_jpg.rf.97767a6fb00ff1de0af8660e991ee167.jpg","height":640,"width":640,"date_captured":"2023-01-30T08:17:34+00:00"},{"id":7,"license":1,"file_name":"1-1-180_jpg.rf.6acefcad5cd2aeef82c3a3f46541dadb.jpg","height":640,"width":640,"date_captured":"2023-01-30T08:17:34+00:00"},{"id":8,"license":1,"file_name":"2-2-180_jpg.rf.e5767e7491cc710fbbf16f33e5070ffd.jpg","height":640,"width":640,"date_captured":"2023-01-30T08:17:34+00:00"}],"annotations":[{"id":0,"image_id":0,"category_id":1,"bbox":[550,328,44.601,65.043],"area":2900.956,"segmentation":[[594.212,329.86,549.611,327.537,553.578,380.495,592.354,392.58,594.212,329.86]],"iscrowd":0},{"id":1,"image_id":0,"category_id":1,"bbox":[592,331,27.875,67.366],"area":1877.851,"segmentation":[[613.26,376.783,617.906,375.854,620.229,331.254,594.677,331.718,592.354,393.509,613.725,398.619,613.26,376.783]],"iscrowd":0},{"id":2,"image_id":0,"category_id":1,"bbox":[451,308,65.972,67.83],"area":4474.898,"segmentation":[[466.45,370.744,492.467,375.854,492.931,368.885,515.696,373.067,516.625,308.024,452.047,310.347,450.653,357.271,465.985,357.735,466.45,370.744]],"iscrowd":0},{"id":3,"image_id":0,"category_id":1,"bbox":[410,316,33.915,45.995],"area":1559.912,"segmentation":[[410.234,322.426,410.234,352.16,415.809,355.412,415.809,337.758,418.132,333.576,431.141,331.254,434.393,341.939,432.999,358.664,444.149,361.917,443.685,315.922,432.07,317.316,410.234,322.426]],"iscrowd":0},{"id":4,"image_id":0,"category_id":1,"bbox":[139,304,38.007,49.248],"area":1871.763,"segmentation":[[145.603,324.396,138.644,323.86,138.644,352.767,176.651,346.343,176.651,306.195,145.068,303.519,145.603,324.396]],"iscrowd":0},{"id":5,"image_id":0,"category_id":1,"bbox":[187,308,8.359,35.107],"area":293.45,"segmentation":[[186.902,343.044,195.261,342.041,195.261,308.606,187.236,307.937,186.902,343.044]],"iscrowd":0},{"id":6,"image_id":0,"category_id":10,"bbox":[179,186,33.501,175.743],"area":5887.6,"segmentation":[[180.137,361.922,188.375,359.725,186.727,192.219,212.54,192.219,209.794,187.277,179.039,186.178,180.137,361.922]],"iscrowd":0},{"id":7,"image_id":0,"category_id":10,"bbox":[338,233,15.172,105.877],"area":1606.403,"segmentation":[[352.923,233.523,340.389,232.533,337.75,236.161,347.975,241.109,349.624,338.08,352.923,338.41,351.933,322.248,352.923,233.523]],"iscrowd":0},{"id":8,"image_id":0,"category_id":4,"bbox":[496,216,16.505,54.138],"area":893.56,"segmentation":[[497.802,270.028,512.326,265.406,509.685,215.89,495.821,222.492,497.802,270.028]],"iscrowd":0},{"id":9,"image_id":0,"category_id":4,"bbox":[494,138,20.896,53.889],"area":1126.06,"segmentation":[[513.231,138.206,494.168,151.403,495.634,192.095,515.064,181.83,513.231,138.206]],"iscrowd":0},{"id":10,"image_id":0,"category_id":4,"bbox":[459,172,12.098,41.058],"area":496.708,"segmentation":[[469.606,172.299,458.975,178.531,460.075,213.357,471.073,207.492,469.606,172.299]],"iscrowd":0},{"id":11,"image_id":0,"category_id":4,"bbox":[460,235,11.364,40.325],"area":458.273,"segmentation":[[471.052,234.62,459.687,239.019,462.62,274.945,470.685,272.379,471.052,234.62]],"iscrowd":0},{"id":12,"image_id":0,"category_id":3,"bbox":[56,62,22.796,210.865],"area":4806.929,"segmentation":[[79.074,83.349,56.278,61.977,59.84,268.568,78.362,272.842,79.074,83.349]],"iscrowd":0},{"id":13,"image_id":0,"category_id":3,"bbox":[24,25,24.933,242.922],"area":6056.873,"segmentation":[[48.442,47.73,27.071,24.933,23.509,262.869,47.017,267.856,48.442,47.73]],"iscrowd":0},{"id":14,"image_id":1,"category_id":6,"bbox":[34,202,59.294,71.529],"area":4241.273,"segmentation":[[33.882,272.941,91.294,273.882,93.176,203.294,35.765,202.353,33.882,272.941]],"iscrowd":0},{"id":15,"image_id":1,"category_id":6,"bbox":[37,104,59.294,70.588],"area":4185.467,"segmentation":[[39.529,174.118,94.118,174.118,96,104.471,36.706,103.529,39.529,174.118]],"iscrowd":0},{"id":16,"image_id":1,"category_id":6,"bbox":[38,3,36.706,73.412],"area":2694.644,"segmentation":[[37.647,76.235,74.353,76.235,73.412,2.824,37.647,3.765,37.647,76.235]],"iscrowd":0},{"id":17,"image_id":1,"category_id":6,"bbox":[196,70,16,65.882],"area":1054.118,"segmentation":[[211.765,92.235,196.706,69.647,195.765,123.294,209.882,135.529,211.765,92.235]],"iscrowd":0},{"id":18,"image_id":1,"category_id":6,"bbox":[191,141,19.765,70.588],"area":1395.156,"segmentation":[[209.882,160,191.059,141.176,192,194.824,210.824,211.765,209.882,160]],"iscrowd":0},{"id":19,"image_id":1,"category_id":6,"bbox":[184,216,24.471,69.647],"area":1704.304,"segmentation":[[208.941,233.412,190.118,216.471,184.471,279.529,208,286.118,208.941,233.412]],"iscrowd":0},{"id":20,"image_id":1,"category_id":6,"bbox":[244,163,8.471,41.412],"area":350.782,"segmentation":[[252.235,170.353,244.706,162.824,243.765,195.765,251.294,204.235,252.235,170.353]],"iscrowd":0},{"id":21,"image_id":1,"category_id":6,"bbox":[245,212,7.529,40.471],"area":304.72,"segmentation":[[251.294,219.294,245.647,211.765,244.706,245.647,252.235,252.235,251.294,219.294]],"iscrowd":0},{"id":22,"image_id":1,"category_id":6,"bbox":[245,261,7.808,37.342],"area":291.561,"segmentation":[[252.567,265.128,245.438,261.394,244.759,295.341,252.228,298.736,252.567,265.128]],"iscrowd":0},{"id":23,"image_id":1,"category_id":10,"bbox":[219,194,21.918,109.591],"area":2402.025,"segmentation":[[226.07,203.526,239.847,204.152,240.473,194.758,218.555,193.506,221.686,297.461,226.07,303.097,226.07,203.526]],"iscrowd":0},{"id":24,"image_id":1,"category_id":6,"bbox":[266,212,6.889,25.475],"area":175.487,"segmentation":[[271.785,237.342,272.411,217.929,268.003,211.867,265.523,231.706,271.785,237.342]],"iscrowd":0},{"id":25,"image_id":1,"category_id":6,"bbox":[280,237,1.76,17.6],"area":30.976,"segmentation":[[281.92,238.24,280.16,236.64,280.32,252.8,281.6,254.24,281.92,238.24]],"iscrowd":0},{"id":26,"image_id":1,"category_id":6,"bbox":[265,246,4.8,23.04],"area":110.592,"segmentation":[[270.08,268.96,269.6,247.52,265.28,245.92,265.6,246.08,266.24,266.72,270.08,268.96]],"iscrowd":0},{"id":27,"image_id":1,"category_id":6,"bbox":[280,263,2.351,16.999],"area":39.965,"segmentation":[[282.299,264.757,279.948,262.948,279.948,277.416,282.299,279.948,282.299,264.757]],"iscrowd":0},{"id":28,"image_id":1,"category_id":4,"bbox":[519,213,28.226,64.292],"area":1814.71,"segmentation":[[542.565,213.262,518.52,226.33,522.179,277.555,546.746,276.509,542.565,213.262]],"iscrowd":0},{"id":29,"image_id":1,"category_id":4,"bbox":[516,114,26.135,80.496],"area":2103.774,"segmentation":[[540.997,113.949,517.475,140.084,516.43,194.445,542.565,178.241,540.997,113.949]],"iscrowd":0},{"id":30,"image_id":1,"category_id":4,"bbox":[479,162,17.772,54.884],"area":975.386,"segmentation":[[493.953,161.515,478.795,174.582,482.977,216.399,496.567,209.604,493.953,161.515]],"iscrowd":0},{"id":31,"image_id":1,"category_id":4,"bbox":[427,262,8.886,37.112],"area":329.774,"segmentation":[[434.365,262.396,427.048,269.192,427.048,299.508,435.934,296.372,434.365,262.396]],"iscrowd":0},{"id":32,"image_id":1,"category_id":4,"bbox":[446,255,10.977,38.68],"area":424.58,"segmentation":[[454.228,254.556,445.865,258.738,450.569,293.236,456.842,293.236,454.228,254.556]],"iscrowd":0},{"id":33,"image_id":1,"category_id":4,"bbox":[483,237,13.59,50.179],"area":681.951,"segmentation":[[493.953,236.784,482.977,243.579,484.545,286.963,496.567,285.918,493.953,236.784]],"iscrowd":0},{"id":34,"image_id":1,"category_id":4,"bbox":[444,202,10.977,41.816],"area":459.005,"segmentation":[[452.66,201.763,444.297,209.604,446.388,243.579,455.274,237.829,452.66,201.763]],"iscrowd":0},{"id":35,"image_id":1,"category_id":4,"bbox":[427,222,10.454,33.976],"area":355.183,"segmentation":[[435.934,221.626,426.525,226.33,430.184,255.601,436.979,254.033,435.934,221.626]],"iscrowd":0},{"id":36,"image_id":1,"category_id":4,"bbox":[520,313,26.658,54.361],"area":1449.145,"segmentation":[[520.089,312.576,520.611,361.187,546.746,366.937,545.701,312.576,520.089,312.576]],"iscrowd":0},{"id":37,"image_id":1,"category_id":4,"bbox":[483,314,17.249,39.725],"area":685.229,"segmentation":[[500.226,313.621,482.977,315.189,486.636,351.256,499.703,353.347,500.226,313.621]],"iscrowd":0},{"id":38,"image_id":1,"category_id":2,"bbox":[589,343,51.437,85.2],"area":4382.494,"segmentation":[[640,342.893,592.221,343.415,588.563,419.73,640,428.093,640,342.893]],"iscrowd":0},{"id":39,"image_id":1,"category_id":2,"bbox":[54,307,75.269,89.905],"area":6767.05,"segmentation":[[129.107,383.141,125.971,307.349,55.406,308.394,53.838,397.254,84.678,385.231,129.107,383.141]],"iscrowd":0},{"id":40,"image_id":1,"category_id":2,"bbox":[458,313,16.204,65.564],"area":1062.388,"segmentation":[[459.195,373.937,473.903,378.424,472.656,312.861,457.699,313.359,459.195,373.937]],"iscrowd":0},{"id":41,"image_id":2,"category_id":4,"bbox":[33,207,16,54.588],"area":873.412,"segmentation":[[32.941,257.882,48,261.647,48.941,211.765,34.824,207.059,32.941,257.882]],"iscrowd":0},{"id":42,"image_id":2,"category_id":4,"bbox":[60,216,13.848,49.586],"area":686.689,"segmentation":[[60.308,263.566,71.922,265.8,74.156,222.468,62.541,216.214,60.308,263.566]],"iscrowd":0},{"id":43,"image_id":2,"category_id":4,"bbox":[33,120,15.31,58.017],"area":888.258,"segmentation":[[33.441,168.009,47.139,177.679,48.751,131.748,35.455,119.661,33.441,168.009]],"iscrowd":0},{"id":44,"image_id":2,"category_id":4,"bbox":[60,143,13.699,51.571],"area":706.451,"segmentation":[[60.032,185.737,72.522,194.197,73.731,150.281,62.449,142.626,60.032,185.737]],"iscrowd":0},{"id":45,"image_id":2,"category_id":4,"bbox":[88,164,11.684,48.751],"area":569.608,"segmentation":[[87.832,204.27,99.516,212.328,99.113,171.635,90.249,163.577,87.832,204.27]],"iscrowd":0},{"id":46,"image_id":2,"category_id":4,"bbox":[89,230,10.475,45.528],"area":476.919,"segmentation":[[91.055,273.166,99.919,275.583,99.516,233.682,89.444,230.055,91.055,273.166]],"iscrowd":0},{"id":47,"image_id":2,"category_id":4,"bbox":[39,55,16.787,47.425],"area":796.139,"segmentation":[[39.031,91.492,53.3,101.984,55.818,65.471,42.808,54.559,39.031,91.492]],"iscrowd":0},{"id":48,"image_id":2,"category_id":1,"bbox":[3,297,74.963,80.223],"area":6013.786,"segmentation":[[19.07,360.348,20.385,344.566,28.933,337.991,36.166,342.594,38.797,362.321,36.166,377.445,77.593,366.924,77.593,301.167,29.591,297.221,2.63,297.221,2.63,347.854,9.864,353.115,19.07,360.348]],"iscrowd":0},{"id":49,"image_id":2,"category_id":1,"bbox":[133,306,24.988,55.893],"area":1396.644,"segmentation":[[155.844,310.373,134.144,306.427,133.487,362.321,158.474,355.745,155.844,310.373]],"iscrowd":0},{"id":50,"image_id":2,"category_id":2,"bbox":[92,302,23.673,63.127],"area":1494.366,"segmentation":[[112.444,305.77,92.06,301.824,96.005,364.951,115.732,363.636,112.444,305.77]],"iscrowd":0},{"id":51,"image_id":2,"category_id":4,"bbox":[133,246,7.261,39.297],"area":285.356,"segmentation":[[134.123,283.197,139.676,284.905,140.531,247.744,133.269,245.608,134.123,283.197]],"iscrowd":0},{"id":52,"image_id":2,"category_id":4,"bbox":[132,198,8.543,35.88],"area":306.52,"segmentation":[[132.842,230.231,139.676,233.648,140.958,201.612,132.415,197.768,132.842,230.231]],"iscrowd":0},{"id":53,"image_id":2,"category_id":4,"bbox":[148,252,6.407,35.026],"area":224.417,"segmentation":[[148.219,285.333,153.345,286.614,154.199,253.724,147.792,251.588,148.219,285.333]],"iscrowd":0},{"id":54,"image_id":2,"category_id":4,"bbox":[194,223,21.784,134.123],"area":2921.794,"segmentation":[[216.135,223.397,195.205,223.397,194.351,357.093,200.331,357.52,202.039,229.377,214.854,228.095,216.135,223.397]],"iscrowd":0},{"id":55,"image_id":2,"category_id":4,"bbox":[493,45,17.347,70.031],"area":1214.83,"segmentation":[[494.071,48.186,492.786,66.818,492.786,115.005,508.848,109.865,510.133,52.684,503.708,44.974,494.071,48.186]],"iscrowd":0},{"id":56,"image_id":2,"category_id":4,"bbox":[533,40,20.56,64.248],"area":1320.916,"segmentation":[[542.257,40.477,533.262,47.544,538.402,103.44,552.537,104.725,553.822,50.756,548.039,42.404,542.257,40.477]],"iscrowd":0},{"id":57,"image_id":2,"category_id":4,"bbox":[495,134,17.99,22.487],"area":404.53,"segmentation":[[512.06,134.279,495.355,140.062,496.64,156.766,513.345,153.554,512.06,134.279]],"iscrowd":0},{"id":58,"image_id":2,"category_id":4,"bbox":[538,134,15.42,16.062],"area":247.672,"segmentation":[[551.252,133.637,537.759,133.637,539.687,149.056,553.179,149.699,551.252,133.637]],"iscrowd":0},{"id":59,"image_id":2,"category_id":4,"bbox":[401,243,10.851,33.855],"area":367.361,"segmentation":[[402.789,276.483,411.035,272.577,411.903,242.628,401.052,247.402,402.789,276.483]],"iscrowd":0},{"id":60,"image_id":3,"category_id":10,"bbox":[580,49,51.765,397.176],"area":20559.723,"segmentation":[[590.118,99.765,599.529,99.765,598.588,315.294,596.706,446.118,615.529,444.235,620.235,261.647,614.588,93.176,629.647,79.059,631.529,58.353,623.059,48.941,596.706,55.529,592.941,67.765,579.765,82.824,590.118,99.765]],"iscrowd":0},{"id":61,"image_id":3,"category_id":10,"bbox":[76,143,25.412,237.176],"area":6027.073,"segmentation":[[92.235,159.059,101.647,158.118,101.647,150.588,84.706,143.059,76.235,379.294,88.471,380.235,92.235,159.059]],"iscrowd":0},{"id":62,"image_id":3,"category_id":7,"bbox":[492,127,16,31.059],"area":496.941,"segmentation":[[504.471,127.059,492.235,129.882,493.176,158.118,508.235,156.235,504.471,127.059]],"iscrowd":0},{"id":63,"image_id":3,"category_id":10,"bbox":[490,196,17.882,30.118],"area":538.574,"segmentation":[[507.294,195.765,494.118,200.471,490.353,225.882,508.235,222.118,507.294,195.765]],"iscrowd":0},{"id":64,"image_id":3,"category_id":10,"bbox":[458,148,11.294,29.176],"area":329.522,"segmentation":[[469.647,147.765,459.294,152.471,458.353,176.941,468.706,173.176,469.647,147.765]],"iscrowd":0},{"id":65,"image_id":3,"category_id":10,"bbox":[456,200,13.176,32],"area":421.647,"segmentation":[[469.647,200.471,456.471,202.353,461.176,232.471,469.647,230.588,469.647,200.471]],"iscrowd":0},{"id":66,"image_id":3,"category_id":8,"bbox":[406,120,31.059,26.353],"area":818.491,"segmentation":[[435.765,142.118,436.706,125.176,431.059,120.471,409.412,133.647,405.647,146.824,422.588,138.353,435.765,142.118]],"iscrowd":0},{"id":67,"image_id":3,"category_id":8,"bbox":[411,167,20.706,15.059],"area":311.806,"segmentation":[[431.059,181.647,432,166.588,414.118,176,411.294,180.706,421.647,180.706,431.059,181.647]],"iscrowd":0},{"id":68,"image_id":4,"category_id":4,"bbox":[429,253,33.882,114.824],"area":3890.491,"segmentation":[[460.235,256,431.059,253.176,429.176,368,463.059,368,460.235,256]],"iscrowd":0},{"id":69,"image_id":4,"category_id":4,"bbox":[520,260,26.353,104.471],"area":2753.107,"segmentation":[[545.882,262.588,519.529,259.765,519.529,362.353,544,364.235,545.882,262.588]],"iscrowd":0},{"id":70,"image_id":4,"category_id":4,"bbox":[598,269,25.412,82.824],"area":2104.692,"segmentation":[[622.118,271.059,598.588,269.176,597.647,352,623.059,352,622.118,271.059]],"iscrowd":0},{"id":71,"image_id":4,"category_id":7,"bbox":[195,161,8.471,27.294],"area":231.197,"segmentation":[[203.294,164.706,194.824,160.941,194.824,182.588,203.294,188.235,203.294,164.706]],"iscrowd":0},{"id":72,"image_id":4,"category_id":7,"bbox":[194,196,11.294,30.118],"area":340.152,"segmentation":[[204.235,202.353,195.765,195.765,193.882,223.059,205.176,225.882,204.235,202.353]],"iscrowd":0},{"id":73,"image_id":4,"category_id":7,"bbox":[193,238,9.412,24.471],"area":230.311,"segmentation":[[201.412,238.118,194.824,239.059,192.941,260.706,202.353,262.588,201.412,238.118]],"iscrowd":0},{"id":74,"image_id":4,"category_id":7,"bbox":[17,237,10.353,52.706],"area":545.661,"segmentation":[[27.294,242.824,16.941,237.176,16.941,287.059,25.412,289.882,27.294,242.824]],"iscrowd":0},{"id":75,"image_id":4,"category_id":7,"bbox":[46,251,13.176,42.353],"area":558.062,"segmentation":[[59.294,256.941,48,251.294,46.118,292.706,56.471,293.647,59.294,256.941]],"iscrowd":0},{"id":76,"image_id":5,"category_id":5,"bbox":[566,299,74.353,98.824],"area":7347.82,"segmentation":[[640,299.294,565.647,307.765,566.588,379.294,640,398.118,640,299.294]],"iscrowd":0},{"id":77,"image_id":5,"category_id":5,"bbox":[506,307,43.294,78.118],"area":3382.035,"segmentation":[[548.706,306.824,507.294,306.824,506.353,370.824,549.647,384.941,548.706,306.824]],"iscrowd":0},{"id":78,"image_id":5,"category_id":5,"bbox":[474,312,21.647,57.412],"area":1242.796,"segmentation":[[495.059,312.471,475.294,313.412,474.353,364.235,496,369.882,495.059,312.471]],"iscrowd":0},{"id":79,"image_id":5,"category_id":6,"bbox":[610,15,29.176,84.706],"area":2471.419,"segmentation":[[639.059,15.059,609.882,37.647,609.882,99.765,639.059,80.941,639.059,15.059]],"iscrowd":0},{"id":80,"image_id":5,"category_id":6,"bbox":[589,113,50.824,80.941],"area":4113.716,"segmentation":[[640,112.941,592,139.294,589.176,193.882,640,176.941,640,112.941]],"iscrowd":0},{"id":81,"image_id":5,"category_id":6,"bbox":[508,179,24.471,55.529],"area":1358.837,"segmentation":[[529.882,178.824,508.235,190.118,513.882,234.353,532.706,226.824,529.882,178.824]],"iscrowd":0},{"id":82,"image_id":5,"category_id":6,"bbox":[485,200,16.941,48.941],"area":829.121,"segmentation":[[501.647,200.471,486.588,207.059,484.706,249.412,501.647,242.824,501.647,200.471]],"iscrowd":0},{"id":83,"image_id":5,"category_id":6,"bbox":[514,242,19.765,47.059],"area":930.104,"segmentation":[[533.647,241.882,515.765,251.294,513.882,288.941,533.647,286.118,533.647,241.882]],"iscrowd":0},{"id":84,"image_id":5,"category_id":6,"bbox":[483,255,17.882,34.824],"area":622.727,"segmentation":[[500.706,255.059,486.588,262.588,482.824,289.882,500.706,288,500.706,255.059]],"iscrowd":0},{"id":85,"image_id":5,"category_id":6,"bbox":[588,203,51.765,77.176],"area":3995.017,"segmentation":[[640,203.294,588.235,226.824,592.941,231.529,592.941,280.471,640,273.882,640,203.294]],"iscrowd":0},{"id":86,"image_id":5,"category_id":10,"bbox":[255,206,20.706,147.765],"area":3059.599,"segmentation":[[255.059,212.706,255.059,353.882,266.353,348.235,265.412,220.235,275.765,214.588,273.882,206.118,255.059,212.706]],"iscrowd":0},{"id":87,"image_id":5,"category_id":6,"bbox":[102,87,55.529,102.588],"area":5696.664,"segmentation":[[136.471,106.353,116.706,97.882,101.647,86.588,101.647,161.882,154.353,189.176,157.176,138.353,146.824,120.471,136.471,106.353]],"iscrowd":0},{"id":88,"image_id":5,"category_id":6,"bbox":[178,161,26.353,64],"area":1686.588,"segmentation":[[188.235,163.765,177.882,160.941,177.882,209.882,202.353,224.941,204.235,180.706,197.647,171.294,188.235,163.765]],"iscrowd":0},{"id":89,"image_id":6,"category_id":10,"bbox":[387,149,32.986,252.273],"area":8321.471,"segmentation":[[400.013,401.407,397.69,206.278,412.557,198.38,408.84,190.018,399.084,192.341,403.265,182.584,419.99,170.04,413.486,164.93,399.084,177.938,398.619,153.78,393.509,149.134,388.863,156.103,387.004,400.013,400.013,401.407]],"iscrowd":0},{"id":90,"image_id":6,"category_id":9,"bbox":[168,136,37.167,60.397],"area":2244.788,"segmentation":[[204.42,144.952,169.576,135.661,168.182,187.23,205.349,196.057,204.42,144.952]],"iscrowd":0},{"id":91,"image_id":6,"category_id":9,"bbox":[236,152,28.805,54.357],"area":1565.739,"segmentation":[[264.817,160.284,236.941,152.386,236.477,201.633,265.282,206.743,264.817,160.284]],"iscrowd":0},{"id":92,"image_id":6,"category_id":9,"bbox":[169,225,36.238,54.822],"area":1986.637,"segmentation":[[204.885,229.043,168.647,225.327,169.111,280.148,204.42,280.148,204.885,229.043]],"iscrowd":0},{"id":93,"image_id":6,"category_id":9,"bbox":[235,232,32.986,53.428],"area":1762.374,"segmentation":[[268.069,237.406,236.941,232.296,235.083,284.794,266.675,285.724,268.069,237.406]],"iscrowd":0},{"id":94,"image_id":6,"category_id":7,"bbox":[314,241,22.3,50.176],"area":1118.94,"segmentation":[[335.435,242.052,313.599,240.658,313.599,290.834,335.899,289.44,335.435,242.052]],"iscrowd":0},{"id":95,"image_id":6,"category_id":7,"bbox":[314,172,21.371,46.459],"area":992.887,"segmentation":[[334.97,176.545,314.064,172.363,314.528,214.641,335.435,218.822,334.97,176.545]],"iscrowd":0},{"id":96,"image_id":6,"category_id":7,"bbox":[359,184,19.977,43.672],"area":872.445,"segmentation":[[378.642,187.695,359.129,183.978,360.058,223.933,379.106,227.65,378.642,187.695]],"iscrowd":0},{"id":97,"image_id":6,"category_id":7,"bbox":[359,246,19.977,48.317],"area":965.259,"segmentation":[[378.642,247.627,360.058,245.769,358.664,292.228,378.177,294.086,378.642,247.627]],"iscrowd":0},{"id":98,"image_id":6,"category_id":7,"bbox":[414,200,14.867,35.309],"area":524.935,"segmentation":[[428.818,202.562,414.415,199.774,414.415,232.76,429.282,235.083,428.818,202.562]],"iscrowd":0},{"id":99,"image_id":6,"category_id":7,"bbox":[448,205,14.402,34.38],"area":495.148,"segmentation":[[461.804,208.137,448.33,204.885,447.866,236.941,462.268,239.264,461.804,208.137]],"iscrowd":0},{"id":100,"image_id":6,"category_id":7,"bbox":[413,254,16.725,39.026],"area":652.715,"segmentation":[[430.211,255.061,415.345,254.131,413.486,292.692,430.211,293.157,430.211,255.061]],"iscrowd":0},{"id":101,"image_id":6,"category_id":6,"bbox":[0,53,107.806,94.934],"area":10234.396,"segmentation":[[0,125.505,107.001,148.032,107.806,81.257,0,53.098,0,125.505]],"iscrowd":0},{"id":102,"image_id":6,"category_id":6,"bbox":[1,181,107.001,78.843],"area":8436.322,"segmentation":[[107.806,196.303,1.609,181.017,0.805,251.815,107.806,259.86,107.806,196.303]],"iscrowd":0},{"id":103,"image_id":6,"category_id":6,"bbox":[6,0,98.152,32.985],"area":3237.57,"segmentation":[[6.436,0,103.783,32.985,104.588,0,6.436,0]],"iscrowd":0},{"id":104,"image_id":6,"category_id":1,"bbox":[200,323,78.843,60.339],"area":4757.324,"segmentation":[[267.101,373.298,278.364,373.298,279.169,322.613,203.544,322.613,200.326,382.952,259.86,380.539,267.101,373.298]],"iscrowd":0},{"id":105,"image_id":6,"category_id":1,"bbox":[322,316,33.165,50.753],"area":1683.219,"segmentation":[[321.601,315.571,322.104,366.324,354.766,366.324,353.761,336.676,339.691,336.174,321.601,315.571]],"iscrowd":0},{"id":106,"image_id":6,"category_id":7,"bbox":[168,66,32.767,32.767],"area":1073.668,"segmentation":[[168.515,66.202,167.847,90.276,200.614,98.969,199.945,74.227,168.515,66.202]],"iscrowd":0},{"id":107,"image_id":6,"category_id":7,"bbox":[234,90,25.411,26.748],"area":679.707,"segmentation":[[259.46,96.295,236.055,89.607,234.049,106.325,259.46,116.356,259.46,96.295]],"iscrowd":0},{"id":108,"image_id":7,"category_id":6,"bbox":[507,100,48.941,96.941],"area":4744.415,"segmentation":[[507.294,141.176,511.059,196.706,556.235,165.647,555.294,99.765,523.294,116.706,507.294,141.176]],"iscrowd":0},{"id":109,"image_id":7,"category_id":6,"bbox":[458,168,31.059,62.118],"area":1929.301,"segmentation":[[461.176,184.471,458.353,199.529,458.353,230.588,489.412,211.765,484.706,168.471,473.412,173.176,461.176,184.471]],"iscrowd":0},{"id":110,"image_id":7,"category_id":6,"bbox":[456,103,32,55.529],"area":1776.941,"segmentation":[[472.471,107.294,460.235,121.412,455.529,131.765,461.176,158.118,485.647,133.647,487.529,107.294,480,102.588,472.471,107.294]],"iscrowd":0},{"id":111,"image_id":7,"category_id":6,"bbox":[507,10,48,91.294],"area":4382.118,"segmentation":[[521.412,32,511.059,57.412,509.176,72.471,507.294,101.647,553.412,49.882,555.294,19.765,551.529,10.353,521.412,32]],"iscrowd":0},{"id":112,"image_id":7,"category_id":1,"bbox":[72,304,40.471,68.706],"area":2780.567,"segmentation":[[72.471,372.706,112.941,365.176,112.941,304,73.412,304.941,72.471,372.706]],"iscrowd":0},{"id":113,"image_id":7,"category_id":1,"bbox":[125,312,31.059,49.882],"area":1549.287,"segmentation":[[125.176,362.353,154.353,357.647,156.235,312.471,128,313.412,125.176,362.353]],"iscrowd":0},{"id":114,"image_id":7,"category_id":2,"bbox":[0,304,33.882,130.824],"area":4432.609,"segmentation":[[33.882,304.941,1.882,304,0,434.824,32.941,427.294,33.882,304.941]],"iscrowd":0},{"id":115,"image_id":7,"category_id":6,"bbox":[72,114,34.824,76.235],"area":2654.782,"segmentation":[[105.412,134.588,74.353,113.882,72.471,174.118,107.294,190.118,105.412,134.588]],"iscrowd":0},{"id":116,"image_id":7,"category_id":6,"bbox":[72,205,38.588,70.588],"area":2723.875,"segmentation":[[111.059,222.118,75.294,205.176,72.471,263.529,108.235,275.765,111.059,222.118]],"iscrowd":0},{"id":117,"image_id":8,"category_id":3,"bbox":[419,0,30.118,270.118],"area":8135.308,"segmentation":[[420.706,270.118,448.941,258.824,446.118,0,418.824,45.176,420.706,270.118]],"iscrowd":0},{"id":118,"image_id":8,"category_id":3,"bbox":[401,44,21.266,225.965],"area":4805.344,"segmentation":[[422.102,265.321,418.584,44.22,400.836,76.822,401.358,268.095,402.403,270.185,418.082,269.14,422.102,265.321]],"iscrowd":0},{"id":119,"image_id":8,"category_id":3,"bbox":[388,75,14.11,203.875],"area":2876.728,"segmentation":[[401.901,75.194,389.338,101.385,388.293,279.069,402.403,271.753,401.901,75.194]],"iscrowd":0},{"id":120,"image_id":8,"category_id":3,"bbox":[379,101,10.524,181.957],"area":1914.851,"segmentation":[[388.696,101.163,378.512,117.797,380.888,283.12,389.035,281.083,388.696,101.163]],"iscrowd":0},{"id":121,"image_id":8,"category_id":3,"bbox":[369,123,10.184,136.468],"area":1389.811,"segmentation":[[377.493,122.549,368.667,134.431,370.704,259.017,378.851,259.017,377.493,122.549]],"iscrowd":0},{"id":122,"image_id":8,"category_id":3,"bbox":[362,143,8.147,115.421],"area":940.37,"segmentation":[[368.667,143.257,362.217,153.102,362.896,258.338,370.364,258.678,368.667,143.257]],"iscrowd":0},{"id":123,"image_id":8,"category_id":3,"bbox":[566,0,39.077,263.22],"area":10285.981,"segmentation":[[568.467,0,566.255,262.483,605.332,263.22,605.332,0,568.467,0]],"iscrowd":0},{"id":124,"image_id":8,"category_id":3,"bbox":[529,0,38.34,256.903],"area":9849.711,"segmentation":[[528.652,257.322,566.992,256.584,565.518,1.156,528.652,0.418,528.652,257.322]],"iscrowd":0},{"id":125,"image_id":8,"category_id":1,"bbox":[439,289,20.47,77.55],"area":1587.466,"segmentation":[[438.533,362.951,457.035,366.888,459.003,289.337,440.502,292.88,438.533,362.951]],"iscrowd":0},{"id":126,"image_id":8,"category_id":1,"bbox":[421,292,18.896,70.071],"area":1324.024,"segmentation":[[423.574,359.015,440.108,362.558,439.714,292.487,421.212,296.03,423.574,359.015]],"iscrowd":0},{"id":127,"image_id":8,"category_id":1,"bbox":[405,294,16.534,62.985],"area":1041.368,"segmentation":[[405.466,354.291,421.606,357.44,422,294.455,406.647,297.604,405.466,354.291]],"iscrowd":0},{"id":128,"image_id":8,"category_id":1,"bbox":[459,290,33.854,77.55],"area":2625.424,"segmentation":[[462.546,366.494,491.677,367.281,492.464,291.699,458.61,289.731,462.546,366.494]],"iscrowd":0},{"id":129,"image_id":8,"category_id":1,"bbox":[581,291,42.515,73.22],"area":3112.945,"segmentation":[[581.037,345.237,583.793,353.504,585.367,364.526,622.765,364.526,623.552,291.306,581.037,291.306,581.037,345.237]],"iscrowd":0},{"id":130,"image_id":8,"category_id":1,"bbox":[375,301,12.203,48.42],"area":590.883,"segmentation":[[382.24,319.255,375.155,318.862,377.123,346.418,386.964,349.173,387.358,300.754,381.453,300.754,382.24,319.255]],"iscrowd":0},{"id":131,"image_id":8,"category_id":1,"bbox":[395,298,12.597,57.08],"area":719.039,"segmentation":[[406.253,297.998,394.837,299.966,394.837,351.535,407.434,355.078,406.253,297.998]],"iscrowd":0}]}